id|songBookId|songNumber|songTitle|songTitleEng
1|2|0|ကိုယ်တော်မိသားစုဝင်|The Family of God
2|2|1|ဘုရားဇိအုန်၌စံစားကျူး|The Lord in Zion Reigneth
3|2|2|ငါ့ဖန်ဆင်းရှင်နှင့်ဘုရင်မင်းမြတ်ကျူး |My Maker and My King
4|2|3|ဝမ်းမြောက်သောသီချင်းသီဆိုပါကျူး |Wake the Song
5|2|4|ယေရှုနာမတော်ချိုသာလှကျူး|The Name of Jesus Is So Sweet
6|2|5|ယေရှုအံ့ဖွယ်သောမေတ္တာကျူး |Wonderful Love of Jesus
7|2|6|သခင်နံနက်၌ကျူး|Lord, in the Morning
8|2|7|နေမြဲနေတော်မူပါကျူး |Abide With Me
9|2|8|နေအနောက်သို့ဝင်လုဆဲကျူး|Day Is Dying in the West
10|2|9|ကိုယ်တော်သင်နှင့်တူရှိစေသောကျူး|God Be With You
11|2|10|ခမည်းတော်ချီးမွမ်းကျူး |Praise Ye the Father
12|2|11|တန်ခိုးအနန္တရှင်ကျူး |Come, Thou Almighty King
13|2|12|သန့်ရှင်း၊ သန့်ရှင်း၊ သန့်ရှင်းကျူး |Holy, Holy, Holy
14|2|13|ချစ်တော်မူသည်ကိုကြည့်ရှုဆင်ခြင်လော့ကျူး|Behold! What Love!
15|2|14|ယေဟောဝါပလ္လင်တော်ရှေ့မှာကျူး |Before Jehovah's Awful Throne
16|2|15|အို-ရှင်ဘုရင်ကိုကိုးကွယ်ဝတ်ပြုကြကျူး |O Worship the King
17|2|16|ကိုယ်တော်သာလျှင်ကြီးမြတ်တော်မူပေကျူး|How Great Thou Art!
18|2|17|တန်ခိုးအကြောင်းငါသိခြင်းကျူး |I Sing the Mighty Power
19|2|18|ခမည်းတော်ကမ္ဘာပင်ကျူး|This Is My Father's World
20|2|19|တင့်တယ်လှပရှိသမျှကျူး |All Things Bright and Beautiful
21|2|20|ကိုယ်တော်စောင့်ထိန်းလိမ့်မည်ကျူး|God Will Take Care of You
22|2|21|ကိုယ်တော်သစ္စာကြီးမြတ်ကျူး|Great Is Thy Faithfulness
23|2|22|ကိုယ်တော်မြတ်သည်ကျွန်ုပ်တို့ခိုလှုံရာကျူး|O God, Our Help
24|2|23|အံ့ဖွယ်ကျေးဇူးတော်ကျူး|Amazing Grace
25|2|24|အံ့ဖွယ်ကရုဏာကျူး|Marvelous Grace
26|2|25|ထက်ဘုံတော်မှကောင်းကင်သားများကျူး|Angels From the Realms of Glory
27|2|26|သီချင်းသံကြားရပြီကျူး|There's a Song in the Air
28|2|27|နားထောင်ကောင်းကင်သားကြွေးကြော်ကျူး|Hark! The Herald Angels Sing
29|2|28|လောကဝမ်းမြောက်ဘုရားကြွလာကျူး|Joy to the World
30|2|29|ကြည်လင်သာယာသန်းခေါင်ယံမှာကျူး |It Came Upon the Midnight Clear
31|2|30|သစ္စာစောင့်သူများလာကျူး |O Come, All Ye Faithful
32|2|31|အိုသိမ်ငယ်သောဗက်လင်မြို့မှာကျူး |O Little Town of Bethlehem
33|2|32|ရှေ့ပြည်မှရှင်ဘုရင်သုံးပါးကျူး|We Three Kings of Orient
34|2|33|သိုးထိန်းတို့သည်သိုးကိုစောင့်လျက်ကျူး |While Shepherds Watched Their Flocks
35|2|34|တိတ်ဆိတ်ည၊ သန့်ရှင်းညကျူး|Silent Night, Holy Night
36|2|35|ယေရှုရှင်၏ဝတ္ထုပြောပါကျူး |Tell Me the Story of Jesus
37|2|36|လက်ဝါးကပ်တိုင်ကျွန်ုပ်မြင်လျှင်ကျူး|When I Survey the Wondrous Cross
38|2|37|ဝေးလှသောတောင်ကုန်းပေါ်ထူထားသောတိုင်တော်ကျူး |The Old Rugged Cross
39|2|38|တိုင်တော်တွင်ကျူး|At the Cross
40|2|39|သင်္ချိုင်းတွင်းမှာလျောင်းသည်ကျူး|Low in the Grave He Lay
41|2|40|ယေရှုသည်မှုထား၏လားကျူး |Does Jesus Care?
42|2|41|မေတ္တာတော်သီချင်းဆိုမည်|I Will Sing of Jesus' Love
43|2|42|ယေရှုဆပ်ပေးပြီးကျူး|Jesus Paid It All
44|2|43|ကောင်းဆုံးမိတ်ဆွေကျူး|Jesus Is All the World to Me
45|2|44|အိုကျွန်ုပ်သည်မိတ်ဆွေတွေ့ပြီကျူး |I've Found a Friend
46|2|45|ယေရှုချစ်တော်မူပါသည်ကျူး|Jesus Loves Me! This I Know
47|2|46|မေတ္တာတော်မြတ်ကျူး |Love Divine
48|2|47|အိုသိုးထိန်းဘုရားကျူး |Oh Shepherd Divine
49|2|48|မင်္ဂလာမိုးသွန်းလောင်းရွာမည်|Showers of Blessing
50|2|49|ကောင်းကင်ဘုံ၌အကျွန်ုပ်တို့အဖကျူး|I Am So Glad That Our Father
51|2|50|အိုကောင်းဆုံးသောမိတ်ဆွေယေရှုရှင်ကျူး|Oh, the Best Friend to Have Is Jesus
52|2|51|မေတ္တာတော်သည်ဆွဲနုတ်သည်ကျူး |Love Lifted Me
53|2|52|ယေရှုအံ့ဖွယ်မေတ္တာတော်ကျူး |Sweeter As the Years God By
54|2|53|ပြစ်သားများယေရှုလက်ခံကျူး|Christ Receiveth Sinful Men
55|2|54|နှုတ်ဖြင့်မြွက်ဆိုမမီကျူး|More Than Tongue Can Tell
56|2|55|လူမျိုးတကာအားပြောကြားကျူး|Hail Him the King of Glory
57|2|56|ခရစ်တော်နှင့်မျက်နှာချင်းဆိုင်ကျူး |Face to Face With Christ
58|2|57|နံနက်ချိန်ပေါ်လာကျူး|It May Be at Morn
59|2|58|မှောင်သောချိုင့်များကင်းမည်ကျူး|There'll Be No Dark Valley
60|2|59|ယေရှုကြွလာလိမ့်ဦးမည်ကျူး |Jesus Is Coming Again
61|2|60|သခင်ဘုရားကြွလာလုနီးပြီကျူး |Tis Almost Time for the Lord to Come
62|2|61|ထိုရပ်မှာနာမည်ခေါ်သောခါကျူး|When the Roll Is Called Up Yonder
63|2|62|ကြွလာသောခါကျူး|When He Cometh
64|2|63|တရားစီရင်လျှင်ဘယ်ကဲ့သို့ဖြစ်မှာကျူး |When Jesus Shall Gather the Nations
65|2|64|မြော်လျက်စောင့်နေသည်ကျူး|Waiting and Watching
66|2|65|လာမည့်ဘုရင်တံခါးမှာရှိကျူး |The Coming King Is at the Door
67|2|66|မကြာယေရှုလာမည်ကျူး |Jesus Is Coming Soon
68|2|67|ယေရှုနာမတန်ခိုးချီးမြှောက်ကျူး|All Hail the Power of Jesus' Name
69|2|68|ကိုယ်တော်ကိုချစ်၏ကျူး|I Love Thee
70|2|69|တင့်တယ်လှသခင်ကျူး |Fairest Lord Jesus
71|2|70|ထိုက်တန်၊ ထိုက်တန်သိုးသငယ်ကျူး |Worthy, Worthy, Is the Lamb
72|2|71|ချီးမွမ်းကျူး|Praise Him! Praise Him!
73|2|72|ကိုယ်တော်သက်ရှင်ကျူး|He Lives
74|2|73|ယေရှုလိုခြားနာမ မရှိကျူး |There's No Other Name Like Jesus
75|2|74|သမားတော်ကြီးသင့်နားနီးပြီကျူး |The Great Physician Now Is Near
76|2|75|ယခုဖြည့်ပါကျူး |Hover O'er Me, Holy Spirit
77|2|76|သန့်ရှင်းဝိညာဉ်လမ်းပြရှင်ကျူး |Holy Spirit, Faithful Guide
78|2|77|ဥပဇ္ဈာယ်ရောက်လာပြီကျူး |The Comforter Has Come
79|2|78|အသက်မုန့်ကျွန်ုပ်အားပေးပါဘုရားကျူး |Break Thou the Bread of Life
80|2|79|ကျမ်းစာမြတ်ပေးပါကျူး|Give Me The Bible
81|2|80|ကိုယ်တော်မြတ်ကိုသာယုံကြည်ပါကျူး|Only Trust Him
82|2|81|သင့်တွက်ငါသက်စွန့်ပြီကျူး|I Grave My Life for Thee
83|2|82|သံတော်ကျွန်ုပ်ကြားရပြန်ကျူး |I Hear Thy Welcome Voice
84|2|83|အံ့ဖွယ်သက်ရှင်စကားကျူး|Wonderful Words of Life
85|2|84|ဖြည်းညင်းသိမ်မွေ့စွာကျူး|Softly and Tenderly
86|2|85|ပွင့်လျက်နေသောတံခါးပေါက်မှကျူး|There is a Gate that Stands Ajar
87|2|86|ဧည့်သည်တံခါးမှာစောင့်သည်ကျူး|There's a Stranger at the Door
88|2|87|ယေရှုသိမ်မွေ့စွာခေါ်နေကျူး |Jesus Is Tenderly Calling
89|2|88|လာလိုသောသူများကျူး|Whosoever Will
90|2|89|ချစ်သိုးထိန်းရှင်ယေရှုသည်ကျူး |Jesus, the Loving Shepherd
91|2|90|ယေရှုကျွန်ုပ်လာပြီကျူး|Jesus, I Come
92|2|91|အသွေးတော်မြတ်၌တန်ခိုးတော်ရှိကျူး|Power In the Blood
93|2|92|အိမ်တော်သို့ပြန်မည်ကျူး |Lord, I'm Coming Home
94|2|93|မြဲတည်ကျောက်ကျူး|Rock of Ages
95|2|94|နီးစေ၊ သာ၍နီးစေကျူး|Nearer, Still Nearer
96|2|95|သွေးတော်၌တည်လျက်နေကျူး|Deeper Yet
97|2|96| လက်ဝါးကပ်တိုင်တော်အောက်တွင်ကျူး|Beneath the Cross of Jesus
98|2|97|ဘိုးဘေးတို့ယုံကြည်ခြင်းကျူး |Faith of Our Fathers
99|2|98|ခေါ်တော်မူသံကိုကျွန်ုပ်ကြားရပြီကျူး |Draw Me Nearer
100|2|99|ကပ်တိုင်သို့ကျွန်ုပ်လာသည်ကျူး|I Am Coming to the Cross
101|2|100|ကိုယ်တော်ဖို့သာကျွန်ုပ်ဖြစ်စေပါကျူး |Wholly Thine
102|2|101|ရှိသမျှအပ်မည်ကျူး |I Surrender All
103|2|102|ယေရှုနှင့်နီးကပ်စွာနေမည်ကျူး |I Would Draw Nearer To Jesus
104|2|103|ယေရှုနှင့်စဉ်တူမည်ကျူး|I Would Be Like Jesus
105|2|104|တိုင်တော်နားပို့ဆောင်မူပါကျူး |Near the Cross
106|2|105|ရှိသည်အတိုင်းကုသိုလ်မရှိကျူး |Just as I Am
107|2|106|ကျွန်ုပ်၌ကိန်းဝပ်ပါကျူး |Live Out Thy Life Within Me
108|2|107|ကရာနီသို့ပို့လေကျူး|Lead Me to Calvary
109|2|108|မိုးပွင့်ထက်သာဖြူစင်စေကျူး |Whiter than Snow
110|2|109|ကိုယ်တော်နှင့်ကျွန်ုပ်ဆိုင်သောကြောင့်ချစ်ပါသည်ကျူး |My Jesus, I Love Thee
111|2|110|ကပ်တိုင်ထမ်းရသောသူသည်ကားကျူး|Must Jesus Bear the Cross Alone?
112|2|111|လောကကိုယူယေရှုကိုပေးကျူး|Take the World, But Give Me Jesus
113|2|112|ကျွန်ုပ်အသက်လက်ခံပါကျူး|Take My Life and Let It Be
114|2|113|ကျွန်ုပ်ကတိထားပေကျူး|O Jesus, I Have Promised
115|2|114|အဖကျွန်ုပ်တို့လာသည်ကျူး|Father, We Come to Thee
116|2|115|မြော်လင့်တောင့်တကျူး |Longing for Jesus
117|2|116|ယေရှုတွက်သက်ရှင်ကျူး|Living for Jesus
118|2|117|မိုးပွင့်ထက်ဖြူမည်ကျူး |Blessed Be the Fountain of Blood
119|2|118|အသေခံသောချစ်ခြင်းကျူး |Saviour! Thy Dying Love
120|2|119|နေ့ရက်တိုင်းနာရီတိုင်းကျူး |Every Day and Hour
121|2|120|ရှိသည်အတိုင်းယူပါကျူူး |Take Me As I Am
122|2|121|သက်ရှင်ပြန်စေမှုတော်ကျူး|Revive Thy Work, O Lord
123|2|122|ယေရှုသာလျှင်အလိုဖြည့်နိုင်ကျူး |None But christ Can Satisfy
124|2|123|စင်ကြယ်စမ်းရေကျူး |The Cleasing Wave
125|2|124|အသွေးတော်မြတ်သာကျူး |What Can Wash Away My Sin?
126|2|125|အသင်းတော်၏အမြစ်ကားကျူး|The Church Has One Foundation
127|2|126|မေတ္တာနှောင်ဖွဲ့ခြင်းများကျူး|Blest Be the Tie That Binds
128|2|127|မင်္ဂလာဆုပေါင်းဖြစ်ပွားရာကျူး |Come, Thou Fount of Every Blessing
129|2|128|အံ့ဖွယ်ကောင်းလှကယ်တင်ရှင်ကျူး|What A Wonderful Saviour
130|2|129|သွေးနှင့်ပြည့်သောစမ်းတွင်းရှိသည်ကျူး|There Is A Fountain
131|2|130|ရွေးပြီကျူး|Redeemed! How I Love to Proclaim It!
132|2|131|ယေရှုရှင်ကယ်ချွတ်တင်ကျူး |Jesus Saves
133|2|132|ဘုရားကိုချီးမွမ်းကြကျူး|To God Be The Glory
134|2|133|ကျွန်ုပ်ရွေးနုတ်ခြင်းခံပြီးနောက်ကျူး|Since I Have Been Redeemed
135|2|134|ယေရှုရှင်ကျွန်ုပ်စိတ်တွင်ကိန်းစဉ်ကျူး |Since Jesus Came Into My Heart
136|2|135|ကြည့်ခြင်းဖြင့်အသက်ရှင်ရ၏ကျူး|There's Life In A Look
137|2|136|ပြစ်လွှတ်၊ ငြိမ်သက်၊ တန်ခိုးကျူး |Pardon, Peae and Power
138|2|137|ယေရှုထံတော်ရောက်ပြီလားကျူး |Are You Washed In the Blook of the Lamb?
139|2|138|ဖိုးထိုက်သွေးတော်ကျူး |The Precious Blood
140|2|139|ငါ့ပြစ်သယ်ဆောင်သွားကျူး |He Has Taken My Sin Away
141|2|140|ရိတ်သူများကိုခေါ်ခြင်းကျူး |Far and Near the Fields Are Teaming
142|2|141|နားထောင်ရှင်ယေရှုကြွေးကြော်သည်ကျူး|Hark! The voice of Jesus Calling
143|2|142|ချစ်သိုးထိန်းသံကျွန်ုပ်ကြားရကျူး|Hark! 'Tis the Shepherd's Voice Hear
144|2|143|ဇိအုန်အမြန်ကျူး|O Zion, Haste
145|2|144|ရိတ်သူများဘယ်မှာကျူး|O Where Are the Reapers?
146|2|145|ပျက်စီးသူကိုကယ်ပါကျူး|Rescue the Perishing
147|2|146|တံပိုးမှုတ်လေကျူး |Watchman, Blow the Gospel Trumpet
148|2|147|ကောက်လှိုင်းများသိမ်းလျက်ကျူး|Bringing In the Sheaves
149|2|148|မှုဆောင်ပါညအချိန်ရောက်လာမည်ကျူး|Work, For the Night Is Coming
150|2|149|ကြယ်အများရှိမည်လားကျူး |Will There Be Any Stars?
151|2|150|အောက်ရှိမီးထွန်းလင်းတောက်စေလိုကျူး|Brightly Beams Our Father's Mercy
152|2|151|ကျွန်ုပ်သေးနုပ်သောစကားသည်ကျူး |If Any Little Word of Mine
153|2|152|သင်၌ယေရှုတွေ့နိုင်မည်လားကျူး|Can the World See Jesus In You?
154|2|153|လက်ချည်းသက်သက်သေသွားရလောကျူး|Must I Go and Empty Handed?
155|2|154|လုပ်ဆောင်လျက်ကျူး |To The Work! To The Work!
156|2|155|ပြောပြရန်ဝတ္ထုရှိပြီကျူး|We've a Story to Tell to the Nations
157|2|156|သွား၍လုပ်ဆောင်လော့ကျူး |Go and Work
158|2|157|ဖိုးထိုက်မျိုးစေ့ကြဲလော့ကျူး|Sowing the Precious Seed
159|2|158|လုပ်ဆောင်ကြကျူး|Labour On
160|2|159|အလင်းသို့ပို့ဆောင်ကြကျူး|Send the Light
161|2|160|သန့်ရှင်းဥပုသ်ငြိမ်ရာနေ့ကျူး |Holy Sabbath Day of Rest
162|2|161|အိုငြိမ်သက်ရွှင်လန်းရာနေ့ကျူး |O Day of Rest and Gladness
163|2|162|ဘေးကင်း၍ဥပုသ်ပြန်လာကျူး|Safely Through Another Week
164|2|163|ဥပုသ်နေ့မမေ့နှင့်ကျူး|Don't Forget the Sabbath
165|2|164|တင့်တယ်သောဧဒင်အရပ်တွင်ကျူး |Beautiful Valley of Eden
166|2|165|သန့်ရှင်းနေ့၊ ကိုယ်တော်နားနေ့ကျူး|Holy Day, Jahovah's Rest
167|2|166|ဥပုသ်နေ့ကျူး |My Sabbath Home
168|2|167|မိုးပွင့်ထက်ဖြူသောသက်တော်ဖြင့်ဖုံးပါကျူး |Cover with His Life
169|2|168|တရားစီရင်မည်ကျူး|The Judgment Has Set
170|2|169|ဇိအုန်မြို့တော်မြတ်သို့ကျူး |Marching to Zion
171|2|170|ဘုရင်ကိုမြင်မည်ကျူး|I Shall See the King
172|2|171|ထိုရပ်တွင်ညဉ့်ကင်းရာကျူး |No Night There
173|2|172|သာယာပြည်နောင်ကာလကျူး |Sweet By and By
174|2|173|ဝမ်းမြောက်ခြင်းနောက်နောင်ရှိကျူး |Joy By and By
175|2|174|မြစ်နားမှာစုရုံးကြမည်လားကျူး|Shall We Gather at the River?
176|2|175|မြစ်တစ်ဖက်တွေ့ဆုံကြမည်လောကျူး |Shall We Meet Beyond the River?
177|2|176|တောင်များတစ်ဖက်မှာ |Just Over the Mountains
178|2|177|စုရုံးခြင်းသည်ဘယ်လောက်ကြီးကျယ်လိမ့်မည်နည်းကျူး |What a Gathering
179|2|178|အခြားသူများနေအိမ်ရှာစေကျူး|Let Others Seek a Home Below
180|2|179|သခင်နှင့်ငါကျူး|My Lord and I
181|2|180|ဝတ္ထုတော်ကိုပြောချင်လေကျူး |I Love to Tell the Story
182|2|181|ကိုယ်တော်ကိုချစ်နိုင်မည်ကျူး|More Love to Thee
183|2|182|ကိုယ်တော်ကိုသာချစ်သည်ကျူး |I Know I Love Thee Better, Lord
184|2|183|နှလုံးတွင်နေရောင်ထွန်းကျူး |There's Sunshine In My Soul Today
185|2|184|ဝမ်းသာနေ့ကျူး|O Happy Day! That Fixed My Choice
186|2|185|ယေရှုရှင်ကျွန်ုပ်စိတ်ချစရာကျူး |Blessed Assurance, Jesus Is Mine!
187|2|186|ထာဝရလက်ရုံးတော်ကိုမှီခိုကျူး|Leaning on the Everlasting Arms
188|2|187|စိတ်နှလုံးရှိနေရောင်ခြည်ကျူး|There Is a Sunlight on the Hilltop
189|2|188|အိုယေရှုကယ်ချွတ်ရှင်ကျူး |O Jesus, My Redeemer
190|2|189|ဘေးမဲ့ယေရှုရင်ခွင်ထက်ကျူး|Safe in the Arms of Jesus
191|2|190|စိတ်နှလုံးတွင်နံနက်တည်းကျူး |It is Morning in My Heart
192|2|191|ကိုယ်တော်နှင့်နီးစေပါကျူး|Nearer, My God, to Thee
193|2|192|ယေရှုမြတ်နာမတော်ယူပါကျူး |Take the Name of Jesus With You
194|2|193|ပြောင်းလဲခြင်းမရှိသောအိမ်တွင်ကျူး|Wait, and Murmur Not
195|2|194|ကျွန်ုပ်နာမည်ရေးထားပြီလားကျူး|Is My Name Written There?
196|2|195|ယေရှုခြေရင်းထိုင်နေစဉ်ခါကျူး |Sitting at the Feet of Jesus
197|2|196|ကိုယ်တော်နားသို့ဆွဲယူပါကျူး|Closer to Thee, My Father, Draw Me
198|2|197|ကျွန်ုပ်ထက်မြင့်လှသောကျောက်တော်သို့ကျူး|O Sometimes the Shadows are Deep
199|2|198|နောင်ကာလ၌နားလည်လိမ့်မည်ကျူး|Father Along
200|2|199|ဆုတောင်းငြိမ်ချိန်ကျူး|Sweet Hour of Prayer
201|2|200|နာရီတိုင်းလိုပါသည်ကျူး|I Need Thee Every Hour
202|2|201|ကျွန်ုပ်ယေရှုကိုပြောရကျူး |I Must Tell Jesus
203|2|202|ချစ်သနားယေရှုဘုရားကျူး |Jesus, Lover of My Soul
204|2|203|ငြိမ်သက်နားရာတစ်ခုရှိပါကျူး|Near to the Heart of God
205|2|204|မိတ်ဆွေယေရှုရှိကျူး|What A Friend We Have In Jesus
206|2|205|သန့်ရှင်းဖို့ချိန်ခန့်ထားကျူး|Take Time To Be Holy
207|2|206|ကောင်းချီးဆုတောင်းချိန်ကျူး|Tis The Blessed Hour of Prayer
208|2|207|ကိုယ်တော်ကျွန်ုပ်လိုပါကျူး|Blessed Lord, How Much I Need Thee!
209|2|208|ယေရှုနှင့်ဘယ်ရပ်မဆိုကျူး|Anywhere With Jesus
210|2|209|ဘယ်သူကိုယုံကြည်၍ငါသိ၏ကျူး|I Know Whom I Have Believeth
211|2|210|ကိုယ်တော်ကိုလိုချိန်ကျူး|Just When I Need Him
212|2|211|ဘုရားကျွန်ုပ်အလင်းကျူး|The Lord Is My Light
213|2|212|ကယ်တင်ရှင်ငါ့ကိုလမ်းပြသည်ကျူး|All The Way
214|2|213|ကျွန်ုပ်ခိုလှုံအရှင်ကျူး |My Faith Looks Up To Thee
215|2|214|ကတိတော်၌တည်မြဲနေကျူး|Standing On The Promises of Christ
216|2|215|ယေရှုကျွန်ုပ်အံ့ဖွယ်ကယ်ချွတ်ရှင်ဖြစ်ပေကျူး|He Hideth My Soul
217|2|216|ကျွန်ုပ်မြော်လင့်ခြင်းမြစ်တည်ရာကျူး|My Hope Is Built On Nothing Less
218|2|217|ယေရှုအားကိုးရန်လွန်သာချိုကျူး |Tis So Sweet To Trust In Jesus
219|2|218|ကိုယ်တော်၌သာကွယ်ကာနေပါကျူး|Hiding In Thee
220|2|219|ယေရှုသက်ရှင်သောကြောင့်ကျူး |Because He Lives
221|2|220|မုန်တိုင်းကျစဉ်တွင်ခိုလှုံရာကျူး |A Shelter In The Time of Storm
222|2|221|အတောင်တော်အောက်ကျူး |Under His Wings
223|2|222|ကောင်းပေ၏ဝိညာဥ်ဖို့ကျူး|It Is Well With My Soul
224|2|223|ကျောက်ပေါ်မှာတည်ဆောက်မည်ကျူး|We'll Build On The Rock
225|2|224|ကျောက်ဆူးငါတို့၌ရှိပါကျူး |Will Your Anchor Hold?
226|2|225|ယေရှုနှင့်သာလျှောက်ပါကျူး |Keep Step With the Master
227|2|226|ရှေ့ဆောင်မူမည်ကျူး |He Leadeth Me
228|2|227|ငယ်စဉ်ကယ်တင်ရှင်ကိုရှာမည်ကျူး |I will Early Seek the Saviour
229|2|228|ယေရှုသိုးထိန်းလိုလမ်းပြသည်ကျူး |Saviour, Like a Shepherd
230|2|229|ယေရှုရှင်ပို့ဆောင်မူပါကျူး |Jesus, Saviour, Pilot Me
231|2|230|ကိုယ်တော်မြတ်နှင့်လျှောက်စေမူပါကျူး|O Let Me Walk With Thee
232|2|231|ကပ်တိုင်လမ်းဖြင့်အိမ်ရောက်သည်ကျူး|The Way of the Cross Leads Home
233|2|232|ကောင်းချီးရေတွက်ကျူး|Count Your Blessings
234|2|233|ကိုယ်တော်မြတ်၌ဝမ်းမြောက်လော့ကျူး|Be Glad in the Lord
235|2|234|အလိုတော် ရှိရာပြုတော်မူပါကျူး |Have Thine Own Way, Lord
236|2|235|လွန်မသွားပါနှင့်သိမ်မွေ့ ရှင်ကျူး |Pass Me Not, O Gentle Saviour
237|2|236|မေတ္တာသည်ဝမ်းမြောက်စေသည်ကျူး |Tis Love That Makes Us Happy
238|2|237|ကိုးစားနားထောင်ကျူး|Trust and Obey
239|2|238|ကျွန်ုပ်ဖြောင့်မတ်မည်ကျူး |I Would Be True
240|2|239|မီးခွက်တိုင်းထွန်းလင်းနေပါစေကျူး|Let Every Lamp Be Burning
241|2|240|လာသည့်တိုင်စွဲကိုင်ကျူး |Hold Fast Till I Come
242|2|241|ညီတော်သစ္စာစောင့်ကျူး|O Brother, Be Faithful
243|2|242|နာရီမသိကျူး |We Know Not the Hour
244|2|243|ယုံခြင်းသည်အောင်ခြင်းတည်းကျူး|Faith is the Victory
245|2|244|သူရဲကဲ့သို့ရပ်ကျူး|Stand Like the Brave
246|2|245|တက်ကြခရစ်ယာန်စစ်သည်ကျူး |Onward, Christian Soldiers!
247|2|246|စစ်တိုက်သံကြွေးကြော်ကျူး |Sound the Battle Cry
248|2|247|ထွက်ကြ၊ ယေရှုဖို့တိုက်ကြကျူး|Stand Up! Stand Up for Jesus!
249|2|248|ဘုရားသခင်၌ခိုင်ခံ့လော့ကျူး |Be Ye Strong In the Lord
250|2|249|လှိုင်းကြီးယော်ဒန်ကမ်းတွင်ကျူး|On Jordan's Stormy Banks
251|2|250|ကယ်တင်ရှင်နောက်တော်လိုက်ပါမည်ကျူး|I Will Follow Thee
252|2|251|အထက်အရပ်ကျူး|Higher Ground
253|2|252|မကြာမီအိမ်တော်သို့သွားကြမည်ကျူး|In a Little While We're Going Home
254|2|253|ကောင်းကင်ကိုရောက်ရှိချိန်ခါကျူး|When We All Get to Heaven
255|2|254|ကောင်းကင်ကြယ်ပမာထွန်းလင်းမည်ကျူး|We Shall Shine as the Stars
256|2|255|မင်္ဂလာများလိုရှိသလားကျူး |Would You Win a Saviour's Blessing?
257|2|256|ဒံယေလကိုထောက်၍နှိုးဆော်ကျူး|Standing By a Purpose True
258|2|257|သွေးဆောင်လျှင်မပါနှင့်ကျူး |Yeild Not to Temptation
259|2|258|အောင်လံလွှင့်ထူလေကျူး|Raise the Standard High
260|2|259|တရားတော်အောင်မြင်နေကျူး |His Truth is Marching On
261|2|260|အိမ်ထောင်မှာမေတ္တာကျူး|Love at Home
262|2|261|ကိုယ်တော်ထံသို့ပို့ဆောင်ကျူး|Lead Them, My God, to Thee
263|2|262|ပျော်ရွှင်အိမ်ဖြစ်အစဉ်ကျူး|Happy the Home
264|2|263|ကမ္ဘာလူငယ်များကျူး|The Youth of the World
265|2|264|နေ့ရက်များလွန်သွားစဉ်ကျူး|While the Days are Going By
266|2|265|တစ်နေ့နေ့တွင်ဝိညာဉ်ချုပ်ရာကျူး |Some Day the Silver Cord Will Break
267|2|266|နားညောင်းပါအရှင်ကျူး|Hear Our Prayer, O Lord
268|2|267|ကောင်းချီးပေး၍သွားခွင့်ပြုအရှင်ကျူး|Dismiss Us, Lord, With Blessing
269|2|268|ကိုယ်တော်ရှင်ဗိမာန်တော်တွင်ရှိ၏ကျူး |The Lord is in His Holy Temple
270|2|269|ကောင်းချီးပေးရှင်ကိုချီးမွမ်းစေကျူး|Praise God, From Whom All Blessings
271|2|270|ဘုန်းကြီးပါစေသောအရှင်ကျူး |Glory Be to the Father
272|1|1|Praise to the Lord|Praise to the Lord
273|1|2|All Creatures of Our God and King|All Creatures of Our God and King
274|1|3|God Himself Is With Us|God Himself Is With Us
275|1|4|Praise My Soul, the King of Heaven|Praise My Soul, the King of Heaven
276|1|5|All My Hope on God Is Founded|All My Hope on God Is Founded
277|1|6|O Worship the Lord|O Worship the Lord
278|1|7|The Lord in Zion Reigneth|The Lord in Zion Reigneth
279|1|8|We Gather Together|We Gather Together
280|1|9|Let All the World in Every Corner Sing|Let All the World in Every Corner Sing
281|1|10|Come, Christians, Join to Sing|Come, Christians, Join to Sing
282|1|11|The God of Abraham Praise|The God of Abraham Praise
283|1|12|Joyful, Joyful, We Adore Thee|Joyful, Joyful, We Adore Thee
284|1|13|New Songs of Celebration Render|New Songs of Celebration Render
285|1|14|Let Us Praise the Name of the Lord|Let Us Praise the Name of the Lord
286|1|15|My Maker and My King|My Maker and My King
287|1|16|All People That on Earth Do Dwell|All People That on Earth Do Dwell
288|1|17|Lord of All Being, Throned Afar|Lord of All Being, Throned Afar
289|1|18|O Morning Star, How Fair and Bright|O Morning Star, How Fair and Bright
290|1|19|O Sing a New Song to the Lord|O Sing a New Song to the Lord
291|1|20|O Praise Ye the Lord|O Praise Ye the Lord
292|1|21|Immortal, Invisible, God Only Wise|Immortal, Invisible, God Only Wise
293|1|22|God Is Our Song|God Is Our Song
294|1|23|Now the Joyful Bells A-Ringing|Now the Joyful Bells A-Ringing
295|1|24|Every Star Shall Sing a Carol|Every Star Shall Sing a Carol
296|1|25|Praise the Lord, His Glories Show|Praise the Lord, His Glories Show
297|1|26|Praise the Lord! You Heavens Adore Him|Praise the Lord! You Heavens Adore Him
298|1|27|Rejoice, Ye Pure in Heart!|Rejoice, Ye Pure in Heart!
299|1|28|Praise We the Lord|Praise We the Lord
300|1|29|Sing Praise to God|Sing Praise to God
301|1|30|Holy God, We Praise Your Name|Holy God, We Praise Your Name
302|1|31|Tell Out, My Soul|Tell Out, My Soul
303|1|32|When in Our Music God Is Glorified|When in Our Music God Is Glorified
304|1|33|Sing a New Song to the Lord|Sing a New Song to the Lord
305|1|34|Wake the Song|Wake the Song
306|1|35|With Songs and Honors|With Songs and Honors
307|1|36|O Thou in Whose Presence|O Thou in Whose Presence
308|1|37|O Sing, My Soul, Your Maker's Praise|O Sing, My Soul, Your Maker's Praise
309|1|38|Arise, My Soul, Arise!|Arise, My Soul, Arise!
310|1|39|Lord, in the Morning|Lord, in the Morning
311|1|40|The Dawn of God's Dear Sabbath|The Dawn of God's Dear Sabbath
312|1|41|O Splendor of God's Glory Bright|O Splendor of God's Glory Bright
313|1|42|Now That the Daylight Fills the Sky|Now That the Daylight Fills the Sky
314|1|43|When Morning Gilds the Skies|When Morning Gilds the Skies
315|1|44|Morning Has Broken|Morning Has Broken
316|1|45|Open Now Thy Gates of Beauty|Open Now Thy Gates of Beauty
317|1|46|Abide With Me, 'Tis Eventide|Abide With Me, 'Tis Eventide
318|1|47|God, Who Made the Earth and Heaven|God, Who Made the Earth and Heaven
319|1|48|Softly Now the Light of Day|Softly Now the Light of Day
320|1|49|Savior, Breathe an Evening Blessing|Savior, Breathe an Evening Blessing
321|1|50|Abide With Me|Abide With Me
322|1|51|Day Is Dying in the West|Day Is Dying in the West
323|1|52|Now the Day Is Over|Now the Day Is Over
324|1|53|All Praise to Thee|All Praise to Thee
325|1|54|O Gladsome Light|O Gladsome Light
326|1|55|Jesus, Tender Shepherd, Hear Me|Jesus, Tender Shepherd, Hear Me
327|1|56|The Day Thou Gavest|The Day Thou Gavest
328|1|57|Now All the Woods Are Sleeping|Now All the Woods Are Sleeping
329|1|58|Hark, the Vesper Hymn Is Stealing|Hark, the Vesper Hymn Is Stealing
330|1|59|Great Our Joy as Now We Gather|Great Our Joy as Now We Gather
331|1|60|Blessed Jesus, at Thy Word|Blessed Jesus, at Thy Word
332|1|61|God Is Here!|God Is Here!
333|1|62|How Lovely Is Thy Dwelling Place|How Lovely Is Thy Dwelling Place
334|1|63|O Come, Let Us Sing to the Lord|O Come, Let Us Sing to the Lord
335|1|64|Lord, Dismiss Us With Thy Blessing|Lord, Dismiss Us With Thy Blessing
336|1|65|God Be With You|God Be With You
337|1|66|God Be With You|God Be With You
338|1|67|O Lord, Now Let Your Servant|O Lord, Now Let Your Servant
339|1|68|On Our Way Rejoicing|On Our Way Rejoicing
340|1|69|Lord, Make Us More Holy|Lord, Make Us More Holy
341|1|70|Praise Ye the Father|Praise Ye the Father
342|1|71|Come, Thou Almighty King|Come, Thou Almighty King
343|1|72|Creator of the Stars of Night|Creator of the Stars of Night
344|1|73|Holy, Holy, Holy|Holy, Holy, Holy
345|1|74|Like a River Glorious|Like a River Glorious
346|1|75|The Wonder of It All|The Wonder of It All
347|1|76|O Love That Wilt Not Let Me Go|O Love That Wilt Not Let Me Go
348|1|77|O Love of God Most Full|O Love of God Most Full
349|1|78|For God So Loved Us|For God So Loved Us
350|1|79|O Love of God, How Strong and True!|O Love of God, How Strong and True!
351|1|80|O World of God|O World of God
352|1|81|Though I Speak With Tongues|Though I Speak With Tongues
353|1|82|Before Jehovah's Awful Throne|Before Jehovah's Awful Throne
354|1|83|O Worship the King|O Worship the King
355|1|84|God the Omnipotent|God the Omnipotent
356|1|85|Eternal Father, Strong to Save|Eternal Father, Strong to Save
357|1|86|How Great Thou Art|How Great Thou Art
358|1|87|God Who Spoke in the Beginning|God Who Spoke in the Beginning
359|1|88|I Sing the Mighty Power of God|I Sing the Mighty Power of God
360|1|89|Let All on Earth Their Voices Raise|Let All on Earth Their Voices Raise
361|1|90|Eternal God, Whose Power Upholds|Eternal God, Whose Power Upholds
362|1|91|Ye Watchers and Ye Holy Ones|Ye Watchers and Ye Holy Ones
363|1|92|This Is My Father's World|This Is My Father's World
364|1|93|All Things Bright and Beautiful|All Things Bright and Beautiful
365|1|94|Nature With Open Volume Stands|Nature With Open Volume Stands
366|1|95|Spring Has Now Unwrapped the Flowers|Spring Has Now Unwrapped the Flowers
367|1|96|The Spacious Firmament|The Spacious Firmament
368|1|97|Lord of the Boundless Curves of Space|Lord of the Boundless Curves of Space
369|1|98|Can You Count the Stars?|Can You Count the Stars?
370|1|99|God Will Take Care of You|God Will Take Care of You
371|1|100|Great Is Thy Faithfulness|Great Is Thy Faithfulness
372|1|101|Children of the Heavenly Father|Children of the Heavenly Father
373|1|102|Unto the Hills|Unto the Hills
374|1|103|O God, Our Help|O God, Our Help
375|1|104|My Shepherd Will Supply My Need|My Shepherd Will Supply My Need
376|1|105|Sing to the Great Jehovah's Praise|Sing to the Great Jehovah's Praise
377|1|106|Give to Our God Immortal Praise|Give to Our God Immortal Praise
378|1|107|God Moves in a Mysterious Way|God Moves in a Mysterious Way
379|1|108|Amazing Grace|Amazing Grace
380|1|109|Marvelous Grace|Marvelous Grace
381|1|110|God's Free Mercy Streameth|God's Free Mercy Streameth
382|1|111|It Took a Miracle|It Took a Miracle
383|1|112|Let Us With a Gladsome Mind|Let Us With a Gladsome Mind
384|1|113|As Pants the Hart|As Pants the Hart
385|1|114|There's a Wideness|There's a Wideness
386|1|115|O Come, O Come, Immanuel|O Come, O Come, Immanuel
387|1|116|Of the Father's Love Begotten|Of the Father's Love Begotten
388|1|117|The Advent of Our God|The Advent of Our God
389|1|118|The First Noel|The First Noel
390|1|119|Angels From the Realms of Glory|Angels From the Realms of Glory
391|1|120|There's a Song in the Air|There's a Song in the Air
392|1|121|Go, Tell It On the Mountain|Go, Tell It On the Mountain
393|1|122|Hark! the Herald Angels Sing|Hark! the Herald Angels Sing
394|1|123|As With Gladness Men of Old|As With Gladness Men of Old
395|1|124|Away in a Manger|Away in a Manger
396|1|125|Joy to the World|Joy to the World
397|1|126|In the Bleak Midwinter|In the Bleak Midwinter
398|1|127|Infant Holy, Infant Lowly|Infant Holy, Infant Lowly
399|1|128|Break Forth, O Beauteous Heavenly Light|Break Forth, O Beauteous Heavenly Light
400|1|129|As It Fell Upon a Night|As It Fell Upon a Night
401|1|130|It Came Upon the Midnight Clear|It Came Upon the Midnight Clear
402|1|131|Lo, How a Rose E'er Blooming|Lo, How a Rose E'er Blooming
403|1|132|O Come, All Ye Faithful|O Come, All Ye Faithful
404|1|133|Now Is Born the Divine Christ Child|Now Is Born the Divine Christ Child
405|1|134|O Jesus Sweet|O Jesus Sweet
406|1|135|O Little Town of Bethlehem|O Little Town of Bethlehem
407|1|136|Good Christians, Now Rejoice|Good Christians, Now Rejoice
408|1|137|We Three Kings|We Three Kings
409|1|138|Rise Up, Shepherd, and Follow|Rise Up, Shepherd, and Follow
410|1|139|While Shepherds Watched Their Flocks|While Shepherds Watched Their Flocks
411|1|140|Thou Didst Leave Thy Throne|Thou Didst Leave Thy Throne
412|1|141|What Child Is This?|What Child Is This?
413|1|142|Angels We Have Heard on High|Angels We Have Heard on High
414|1|143|Silent Night, Holy Night|Silent Night, Holy Night
415|1|144|O Sing a Song of Bethlehem|O Sing a Song of Bethlehem
416|1|145|Songs of Thankfulness and Praise|Songs of Thankfulness and Praise
417|1|146|I Think When I Read That Sweet Story|I Think When I Read That Sweet Story
418|1|147|Christ Upon the Mountain Peak|Christ Upon the Mountain Peak
419|1|148|O Love, How Deep, How Broad|O Love, How Deep, How Broad
420|1|149|Once in Royal David's City|Once in Royal David's City
421|1|150|Who Is He in Yonder Stall?|Who Is He in Yonder Stall?
422|1|151|Jesus Walked This Lonesome Valley|Jesus Walked This Lonesome Valley
423|1|152|Tell Me the Story of Jesus|Tell Me the Story of Jesus
424|1|153|Prince of Peace, Control My Will|Prince of Peace, Control My Will
425|1|154|When I Survey the Wondrous Cross|When I Survey the Wondrous Cross
426|1|155|When I Survey the Wondrous Cross|When I Survey the Wondrous Cross
427|1|156|O Sacred Head Now Wounded|O Sacred Head Now Wounded
428|1|157|Go to Dark Gethsemane|Go to Dark Gethsemane
429|1|158|Were You There?|Were You There?
430|1|159|The Old Rugged Cross|The Old Rugged Cross
431|1|160|Ride On in Majesty|Ride On in Majesty
432|1|161|Throned Upon the Awful Tree|Throned Upon the Awful Tree
433|1|162|Wondrous Love|Wondrous Love
434|1|163|At the Cross|At the Cross
435|1|164|There Is a Green Hill Far Away|There Is a Green Hill Far Away
436|1|165|Look, You Saints! the Sight Is Glorious|Look, You Saints! the Sight Is Glorious
437|1|166|Christ the Lord Is Risen Today|Christ the Lord Is Risen Today
438|1|167|Alleluia! Sing to Jesus!|Alleluia! Sing to Jesus!
439|1|168|And Have the Bright Immensities|And Have the Bright Immensities
440|1|169|Come, You Faithful|Come, You Faithful
441|1|170|Come, You Faithful|Come, You Faithful
442|1|171|Thine Is the Glory|Thine Is the Glory
443|1|172|The Strife Is O'er|The Strife Is O'er
444|1|173|Good Christian Friends, Rejoice!|Good Christian Friends, Rejoice!
445|1|174|Star of Our Hope|Star of Our Hope
446|1|175|Now the Green Blade Rises|Now the Green Blade Rises
447|1|176|Hail the Day That Sees Him Rise|Hail the Day That Sees Him Rise
448|1|177|Jesus, Your Blood and Righteousness|Jesus, Your Blood and Righteousness
449|1|178|The Unveiled Christ|The Unveiled Christ
450|1|179|The Wonders of Redeeming Love|The Wonders of Redeeming Love
451|1|180|O Listen to Our Wondrous Story|O Listen to Our Wondrous Story
452|1|181|Does Jesus Care?|Does Jesus Care?
453|1|182|Christ Is Alive|Christ Is Alive
454|1|183|I Will Sing of Jesus' Love|I Will Sing of Jesus' Love
455|1|184|Jesus Paid It All|Jesus Paid It All
456|1|185|Jesus Is All the World to Me|Jesus Is All the World to Me
457|1|186|I've Found a Friend|I've Found a Friend
458|1|187|Jesus, What a Friend for Sinners|Jesus, What a Friend for Sinners
459|1|188|My Song Is Love Unknown|My Song Is Love Unknown
460|1|189|All That Thrills My Soul|All That Thrills My Soul
461|1|190|Jesus Loves Me|Jesus Loves Me
462|1|191|Love Divine|Love Divine
463|1|192|O Shepherd Divine|O Shepherd Divine
464|1|193|Savior, Teach Me|Savior, Teach Me
465|1|194|Sing We of the Modern City|Sing We of the Modern City
466|1|195|Showers of Blessing|Showers of Blessing
467|1|196|Tell Me the Old, Old Story|Tell Me the Old, Old Story
468|1|197|The King of Love My Shepherd Is|The King of Love My Shepherd Is
469|1|198|And Can It Be?|And Can It Be?
470|1|199|The Head That Once Was Crowned|The Head That Once Was Crowned
471|1|200|The Lord Is Coming|The Lord Is Coming
472|1|201|Christ Is Coming|Christ Is Coming
473|1|202|Hail Him the King of Glory|Hail Him the King of Glory
474|1|203|This Is the Threefold Truth|This Is the Threefold Truth
475|1|204|Come, Thou Long Expected Jesus|Come, Thou Long Expected Jesus
476|1|205|Gleams of the Golden Morning|Gleams of the Golden Morning
477|1|206|Face to Face|Face to Face
478|1|207|It May Be at Morn|It May Be at Morn
479|1|208|There'll Be No Dark Valley|There'll Be No Dark Valley
480|1|209|That Glorious Day Is Coming|That Glorious Day Is Coming
481|1|210|Wake, Awake, for the Night Is Flying|Wake, Awake, for the Night Is Flying
482|1|211|Lo! He Comes|Lo! He Comes
483|1|212|'Tis Almost Time for the Lord to Come|'Tis Almost Time for the Lord to Come
484|1|213|Jesus Is Coming Again|Jesus Is Coming Again
485|1|214|We Have This Hope|We Have This Hope
486|1|215|The King Shall Come|The King Shall Come
487|1|216|When the Roll Is Called Up Yonder|When the Roll Is Called Up Yonder
488|1|217|The Church Has Waited Long|The Church Has Waited Long
489|1|218|When He Cometh|When He Cometh
490|1|219|When Jesus Comes in Glory|When Jesus Comes in Glory
491|1|220|When He Comes|When He Comes
492|1|221|Rejoice, the Lord Is King|Rejoice, the Lord Is King
493|1|222|Hark! Ten Thousand Harps and Voices|Hark! Ten Thousand Harps and Voices
494|1|223|Crown Him With Many Crowns|Crown Him With Many Crowns
495|1|224|Seek Ye First the Kingdom|Seek Ye First the Kingdom
496|1|225|God Is Working His Purpose Out|God Is Working His Purpose Out
497|1|226|Lift Up Your Heads|Lift Up Your Heads
498|1|227|Jesus Shall Reign|Jesus Shall Reign
499|1|228|A Hymn of Glory Let Us Sing|A Hymn of Glory Let Us Sing
500|1|229|All Hail the Power of Jesus' Name|All Hail the Power of Jesus' Name
501|1|230|All Glory, Laud, and Honor|All Glory, Laud, and Honor
502|1|231|Blest Be the King|Blest Be the King
503|1|232|At the Name of Jesus|At the Name of Jesus
504|1|233|Christ, Whose Glory Fills the Skies|Christ, Whose Glory Fills the Skies
505|1|234|Christ Is the World's Light|Christ Is the World's Light
506|1|235|Christ Is Made the Sure Foundation|Christ Is Made the Sure Foundation
507|1|236|I Love Thee|I Love Thee
508|1|237|In the Cross of Christ I Glory|In the Cross of Christ I Glory
509|1|238|How Sweet the Name!|How Sweet the Name!
510|1|239|Jesus, Priceless Treasure|Jesus, Priceless Treasure
511|1|240|Fairest Lord Jesus|Fairest Lord Jesus
512|1|241|Jesus, the Very Thought of Thee|Jesus, the Very Thought of Thee
513|1|242|Jesus, Thou Joy of Loving Hearts|Jesus, Thou Joy of Loving Hearts
514|1|243|King of Glory, King of Peace|King of Glory, King of Peace
515|1|244|My Song Shall Be of Jesus|My Song Shall Be of Jesus
516|1|245|More About Jesus|More About Jesus
517|1|246|Worthy, Worthy Is the Lamb|Worthy, Worthy Is the Lamb
518|1|247|Come, My Way|Come, My Way
519|1|248|O, How I Love Jesus|O, How I Love Jesus
520|1|249|Praise Him! Praise Him!|Praise Him! Praise Him!
521|1|250|O for a Thousand Tongues to Sing|O for a Thousand Tongues to Sing
522|1|251|He Lives|He Lives
523|1|252|Come, Let Us Sing|Come, Let Us Sing
524|1|253|There's No Other Name Like Jesus|There's No Other Name Like Jesus
525|1|254|The Great Physician Now is Near|The Great Physician Now is Near
526|1|255|I Cannot Tell Why|I Cannot Tell Why
527|1|256|Ye Servants of God|Ye Servants of God
528|1|257|Come Down, O Love Divine|Come Down, O Love Divine
529|1|258|Baptize Us Anew|Baptize Us Anew
530|1|259|Draw Us in the Spirit's Tether|Draw Us in the Spirit's Tether
531|1|260|Hover O'er Me, Holy Spirit|Hover O'er Me, Holy Spirit
532|1|261|The Spirit of the Lord Revealed|The Spirit of the Lord Revealed
533|1|262|Sweet, Sweet Spirit|Sweet, Sweet Spirit
534|1|263|Fire of God, Thou Sacred Flame|Fire of God, Thou Sacred Flame
535|1|264|O for That Flame of Living Fire|O for That Flame of Living Fire
536|1|265|Breathe on Me, Breath of God|Breathe on Me, Breath of God
537|1|266|Spirit of God|Spirit of God
538|1|267|Spirit Divine|Spirit Divine
539|1|268|Holy Spirit, Light Divine|Holy Spirit, Light Divine
540|1|269|Come, Holy Spirit|Come, Holy Spirit
541|1|270|O Holy Dove of God Descending|O Holy Dove of God Descending
542|1|271|Break Thou the Bread of Life|Break Thou the Bread of Life
543|1|272|Give Me the Bible|Give Me the Bible
544|1|273|Lord, I Have Made Thy Word My Choice|Lord, I Have Made Thy Word My Choice
545|1|274|O Word of God Incarnate|O Word of God Incarnate
546|1|275|O God of Light|O God of Light
547|1|276|Thanks to God|Thanks to God
548|1|277|For Your Holy Book We Thank You|For Your Holy Book We Thank You
549|1|278|Lord Jesus, Once You Spoke to Men|Lord Jesus, Once You Spoke to Men
550|1|279|Only Trust Him|Only Trust Him
551|1|280|Come, Ye Sinners|Come, Ye Sinners
552|1|281|I Gave My Life for Thee|I Gave My Life for Thee
553|1|282|I Hear Thy Welcome Voice|I Hear Thy Welcome Voice
554|1|283|O Jesus, Thou Art Standing|O Jesus, Thou Art Standing
555|1|284|For You I Am Praying|For You I Am Praying
556|1|285|Jesus Calls Us|Jesus Calls Us
557|1|286|Wonderful Words of Life|Wonderful Words of Life
558|1|287|Softly and Tenderly|Softly and Tenderly
559|1|288|I Am Going to Calvary|I Am Going to Calvary
560|1|289|The Savior Is Waiting|The Savior Is Waiting
561|1|290|Turn Your Eyes Upon Jesus|Turn Your Eyes Upon Jesus
562|1|291|We Have Not Known Thee|We Have Not Known Thee
563|1|292|Jesus, I Come|Jesus, I Come
564|1|293|Heavenly Father, Bless Us Now|Heavenly Father, Bless Us Now
565|1|294|Power in the Blood|Power in the Blood
566|1|295|Chief of Sinners|Chief of Sinners
567|1|296|Lord, I'm Coming Home|Lord, I'm Coming Home
568|1|297|God Be Merciful to Me|God Be Merciful to Me
569|1|298|I Lay My Sins on Jesus|I Lay My Sins on Jesus
570|1|299|Forgive Our Sins as We Forgive|Forgive Our Sins as We Forgive
571|1|300|Rock of Ages|Rock of Ages
572|1|301|Near, Still Nearer|Near, Still Nearer
573|1|302|Deeper Yet|Deeper Yet
574|1|303|Beneath the Cross of Jesus|Beneath the Cross of Jesus
575|1|304|Faith of Our Fathers|Faith of Our Fathers
576|1|305|Give Me Jesus|Give Me Jesus
577|1|306|Draw Me Nearer|Draw Me Nearer
578|1|307|I Am Coming to the Cross|I Am Coming to the Cross
579|1|308|Wholly Thine|Wholly Thine
580|1|309|I Surrender All|I Surrender All
581|1|310|I Would Draw Nearer to Jesus|I Would Draw Nearer to Jesus
582|1|311|I Would Be Like Jesus|I Would Be Like Jesus
583|1|312|Near the Cross|Near the Cross
584|1|313|Just as I Am|Just as I Am
585|1|314|Just as I Am|Just as I Am
586|1|315|O for a Closer Walk!|O for a Closer Walk!
587|1|316|Live Out Thy Life Within Me|Live Out Thy Life Within Me
588|1|317|Lead Me to Calvary|Lead Me to Calvary
589|1|318|Whiter Than Snow|Whiter Than Snow
590|1|319|Lord, I Want to Be a Christian|Lord, I Want to Be a Christian
591|1|320|Lord of Creation|Lord of Creation
592|1|321|My Jesus, I Love Thee|My Jesus, I Love Thee
593|1|322|Nothing Between|Nothing Between
594|1|323|O for a Heart to Praise My God!|O for a Heart to Praise My God!
595|1|324|Just as I Am, Thine Own to Be|Just as I Am, Thine Own to Be
596|1|325|Jesus, I My Cross Have Taken|Jesus, I My Cross Have Taken
597|1|326|Open My Eyes That I May See|Open My Eyes That I May See
598|1|327|I'd Rather Have Jesus|I'd Rather Have Jesus
599|1|328|Must Jesus Bear the Cross Alone|Must Jesus Bear the Cross Alone
600|1|329|Take the World, but Give Me Jesus|Take the World, but Give Me Jesus
601|1|330|Take My Life and Let It Be|Take My Life and Let It Be
602|1|331|O Jesus, I Have Promised|O Jesus, I Have Promised
603|1|332|The Cleansing Wave|The Cleansing Wave
604|1|333|On Jordan's Banks the Baptist's Cry|On Jordan's Banks the Baptist's Cry
605|1|334|Come, Thou Fount of Every Blessing|Come, Thou Fount of Every Blessing
606|1|335|What a Wonderful Savior|What a Wonderful Savior
607|1|336|There Is a Fountain|There Is a Fountain
608|1|337|Redeemed!|Redeemed!
609|1|338|Redeemed!|Redeemed!
610|1|339|God Is My Strong Salvation|God Is My Strong Salvation
611|1|340|Jesus Saves|Jesus Saves
612|1|341|To God Be the Glory|To God Be the Glory
613|1|342|Is This a Day of New Beginnings?|Is This a Day of New Beginnings?
614|1|343|I Will Sing of My Redeemer|I Will Sing of My Redeemer
615|1|344|I Love Your Kingdom, Lord|I Love Your Kingdom, Lord
616|1|345|Christ Is the World's True Light|Christ Is the World's True Light
617|1|346|Lord, Who Dost Give to Thy Church|Lord, Who Dost Give to Thy Church
618|1|347|Built on the Rock|Built on the Rock
619|1|348|The Church Has One Foundation|The Church Has One Foundation
620|1|349|God is Love|God is Love
621|1|350|Blest Be the Tie That Binds|Blest Be the Tie That Binds
622|1|351|Thy Hand, O God Has Guided|Thy Hand, O God Has Guided
623|1|352|This Is My Will|This Is My Will
624|1|353|Father, Help Your People|Father, Help Your People
625|1|354|Thy Love, O God|Thy Love, O God
626|1|355|Where Cross the Crowded Ways of Life|Where Cross the Crowded Ways of Life
627|1|356|All Who Love and Serve Your City|All Who Love and Serve Your City
628|1|357|Come, Labor On|Come, Labor On
629|1|358|Far and Near the Fields Are Teeming|Far and Near the Fields Are Teeming
630|1|359|Hark! the Voice of Jesus Calling|Hark! the Voice of Jesus Calling
631|1|360|From the Eastern Mountains|From the Eastern Mountains
632|1|361|Hark! 'Tis the Shepherd's Voice I Hear|Hark! 'Tis the Shepherd's Voice I Hear
633|1|362|Lift High the Cross|Lift High the Cross
634|1|363|Lord, Whose Love in Humble Service|Lord, Whose Love in Humble Service
635|1|364|O Jesus Christ, to You|O Jesus Christ, to You
636|1|365|O Zion, Haste|O Zion, Haste
637|1|366|O Where Are the Reapers?|O Where Are the Reapers?
638|1|367|Rescue the Perishing|Rescue the Perishing
639|1|368|Watchman, Blow the Gospel Trumpet|Watchman, Blow the Gospel Trumpet
640|1|369|Bringing in the Sheaves|Bringing in the Sheaves
641|1|370|Christ for the World|Christ for the World
642|1|371|Lift Him Up|Lift Him Up
643|1|372|How Beauteous Are Their Feet|How Beauteous Are Their Feet
644|1|373|Seeking the Lost|Seeking the Lost
645|1|374|Jesus, With Thy Church Abide|Jesus, With Thy Church Abide
646|1|375|Work, for the Night Is Coming|Work, for the Night Is Coming
647|1|376|All Things Are Thine|All Things Are Thine
648|1|377|Go Forth, Go Forth With Christ|Go Forth, Go Forth With Christ
649|1|378|Go, Preach My Gospel|Go, Preach My Gospel
650|1|379|We Give This Child to You|We Give This Child to You
651|1|380|Welcome, Day of Sweet Repose|Welcome, Day of Sweet Repose
652|1|381|Holy Sabbath Day of Rest|Holy Sabbath Day of Rest
653|1|382|O Day of Rest and Gladness|O Day of Rest and Gladness
654|1|383|O Day of Rest and Gladness|O Day of Rest and Gladness
655|1|384|Safely Through Another Week|Safely Through Another Week
656|1|385|Crowning Jewel of Creation|Crowning Jewel of Creation
657|1|386|The Sacred Anthem|The Sacred Anthem
658|1|387|Come, O Sabbath Day|Come, O Sabbath Day
659|1|388|Don't Forget the Sabbath|Don't Forget the Sabbath
660|1|389|Light of Light, Enlighten Me|Light of Light, Enlighten Me
661|1|390|We Love Thy Sabbath, Lord|We Love Thy Sabbath, Lord
662|1|391|Welcome, Welcome, Day of Rest|Welcome, Welcome, Day of Rest
663|1|392|Dear Lord, We Come at Set of Sun|Dear Lord, We Come at Set of Sun
664|1|393|Lord of the Sabbath|Lord of the Sabbath
665|1|394|Far From All Care|Far From All Care
666|1|395|As Birds Unto the Genial Homeland|As Birds Unto the Genial Homeland
667|1|396|Lord God, Your Love Has Called Us Here|Lord God, Your Love Has Called Us Here
668|1|397|An Upper Room|An Upper Room
669|1|398|Bread of the World|Bread of the World
670|1|399|Beneath the Forms of Outward Rite|Beneath the Forms of Outward Rite
671|1|400|I Come With Joy|I Come With Joy
672|1|401|In Imitation, Lord of Thee|In Imitation, Lord of Thee
673|1|402|By Christ Redeemed|By Christ Redeemed
674|1|403|Let Us Break Bread Together|Let Us Break Bread Together
675|1|404|Now Let Us From This Table Rise|Now Let Us From This Table Rise
676|1|405|O God, Unseen, Yet Ever Near|O God, Unseen, Yet Ever Near
677|1|406|Love Consecrates the Humblest Act|Love Consecrates the Humblest Act
678|1|407|Sent Forth by God's Blessing|Sent Forth by God's Blessing
679|1|408|Lord, Enthroned in Heavenly Splendor|Lord, Enthroned in Heavenly Splendor
680|1|409|Jesus Invites His Saints|Jesus Invites His Saints
681|1|410|Thy Broken Body, Gracious Lord|Thy Broken Body, Gracious Lord
682|1|411|The Son of God Proclaim|The Son of God Proclaim
683|1|412|Cover With His Life|Cover With His Life
684|1|413|God Has Spoken by His Prophets|God Has Spoken by His Prophets
685|1|414|Fruitful Trees, the Spirit's Sowing|Fruitful Trees, the Spirit's Sowing
686|1|415|Christ the Lord, All Power Possessing|Christ the Lord, All Power Possessing
687|1|416|The Judgment Has Set|The Judgment Has Set
688|1|417|O Solemn Thought|O Solemn Thought
689|1|418|Day of Judgment, Day of Wonders!|Day of Judgment, Day of Wonders!
690|1|419|Soon Shall the Trump of God|Soon Shall the Trump of God
691|1|420|Jerusalem, My Happy Home|Jerusalem, My Happy Home
692|1|421|For All the Saints|For All the Saints
693|1|422|Marching to Zion|Marching to Zion
694|1|423|Glorious Things of Thee Are Spoken|Glorious Things of Thee Are Spoken
695|1|424|For Thee, O Dear, Dear Country|For Thee, O Dear, Dear Country
696|1|425|Holy, Holy, Is What the Angels Sing|Holy, Holy, Is What the Angels Sing
697|1|426|I Shall See the King|I Shall See the King
698|1|427|No Night There|No Night There
699|1|428|Sweet By and By|Sweet By and By
700|1|429|Jerusalem the Golden|Jerusalem the Golden
701|1|430|Joy By and By|Joy By and By
702|1|431|Over Yonder|Over Yonder
703|1|432|Shall We Gather at the River|Shall We Gather at the River
704|1|433|Ten Thousand Times Ten Thousand|Ten Thousand Times Ten Thousand
705|1|434|We Speak of the Realms|We Speak of the Realms
706|1|435|The Glory Song|The Glory Song
707|1|436|The Homeland|The Homeland
708|1|437|I'm Going Home|I'm Going Home
709|1|438|You Will See Your Lord A-Coming|You Will See Your Lord A-Coming
710|1|439|How Far From Home?|How Far From Home?
711|1|440|How Cheering Is the Christian's Hope|How Cheering Is the Christian's Hope
712|1|441|I Saw One Weary|I Saw One Weary
713|1|442|How Sweet Are the Tidings|How Sweet Are the Tidings
714|1|443|There'll Be No Sorrow There|There'll Be No Sorrow There
715|1|444|I'm a Pilgrim|I'm a Pilgrim
716|1|445|I'm But a Stranger Here|I'm But a Stranger Here
717|1|446|Lo, What a Glorious Sight Appears|Lo, What a Glorious Sight Appears
718|1|447|Long Upon the Mountains|Long Upon the Mountains
719|1|448|O, When Shall I See Jesus|O, When Shall I See Jesus
720|1|449|Never Part Again|Never Part Again
721|1|450|Beautiful Zion|Beautiful Zion
722|1|451|Together Let Us Sweetly Live|Together Let Us Sweetly Live
723|1|452|What Heavenly Music|What Heavenly Music
724|1|453|We Have Heard|We Have Heard
725|1|454|Don't You See My Jesus Coming|Don't You See My Jesus Coming
726|1|455|Immortal Love, Forever Full|Immortal Love, Forever Full
727|1|456|My Lord and I|My Lord and I
728|1|457|I Love to Tell the Story|I Love to Tell the Story
729|1|458|More Love to Thee|More Love to Thee
730|1|459|As the Bridegroom to His Chosen|As the Bridegroom to His Chosen
731|1|460|As Water to the Thirsty|As Water to the Thirsty
732|1|461|Be Still, My Soul|Be Still, My Soul
733|1|462|Blessed Assurance, Jesus is Mine!|Blessed Assurance, Jesus is Mine!
734|1|463|Peace, Perfect Peace|Peace, Perfect Peace
735|1|464|When I Can Read My Title Clear|When I Can Read My Title Clear
736|1|465|I Heard the Voice of Jesus|I Heard the Voice of Jesus
737|1|466|Wonderful Peace|Wonderful Peace
738|1|467|Life Is Great! So Sing About It|Life Is Great! So Sing About It
739|1|468|A Child of the King|A Child of the King
740|1|469|Leaning on the Everlasting Arms|Leaning on the Everlasting Arms
741|1|470|There's Sunshine in My Soul Today|There's Sunshine in My Soul Today
742|1|471|Grant Us Your Peace|Grant Us Your Peace
743|1|472|A Song of Heaven and Homeland|A Song of Heaven and Homeland
744|1|473|Nearer My God, to Thee|Nearer My God, to Thee
745|1|474|Take the Name of Jesus With You|Take the Name of Jesus With You
746|1|475|Balm in Gilead|Balm in Gilead
747|1|476|Burdens Are Lifted at Calvary|Burdens Are Lifted at Calvary
748|1|477|Come, Ye Disconsolate|Come, Ye Disconsolate
749|1|478|Sweet Hour of Prayer|Sweet Hour of Prayer
750|1|479|Tread Softly|Tread Softly
751|1|480|Dear Lord and Father|Dear Lord and Father
752|1|481|Dear Lord and Father|Dear Lord and Father
753|1|482|Father, Lead Me Day by Day|Father, Lead Me Day by Day
754|1|483|I Need Thee Every Hour|I Need Thee Every Hour
755|1|484|I Need Thee, Precious Jesus|I Need Thee, Precious Jesus
756|1|485|I Must Tell Jesus|I Must Tell Jesus
757|1|486|I Do Believe|I Do Believe
758|1|487|In the Garden|In the Garden
759|1|488|At First I Prayed for Light|At First I Prayed for Light
760|1|489|Jesus, Lover of My Soul|Jesus, Lover of My Soul
761|1|490|Jesus, Lover of My Soul|Jesus, Lover of My Soul
762|1|491|In the Hour of Trial|In the Hour of Trial
763|1|492|Like Jesus|Like Jesus
764|1|493|Fill My Cup, Lord|Fill My Cup, Lord
765|1|494|We Would See Jesus|We Would See Jesus
766|1|495|Near to the Heart of God|Near to the Heart of God
767|1|496|Eternal Love, We Have No Good|Eternal Love, We Have No Good
768|1|497|O Gracious Father of Mankind|O Gracious Father of Mankind
769|1|498|Still, Still With Thee|Still, Still With Thee
770|1|499|What a Friend We Have in Jesus|What a Friend We Have in Jesus
771|1|500|Take Time to Be Holy|Take Time to Be Holy
772|1|501|'Tis the Blessed Hour of Prayer|'Tis the Blessed Hour of Prayer
773|1|502|Sun of My Soul|Sun of My Soul
774|1|503|A Quiet Place|A Quiet Place
775|1|504|Lord Jesus, Think on Me|Lord Jesus, Think on Me
776|1|505|I Need the Prayers|I Need the Prayers
777|1|506|A Mighty Fortress|A Mighty Fortress
778|1|507|Moment by Moment|Moment by Moment
779|1|508|Anywhere With Jesus|Anywhere With Jesus
780|1|509|How Firm a Foundation|How Firm a Foundation
781|1|510|If You But Trust in God to Guide You|If You But Trust in God to Guide You
782|1|511|I Know Whom I Have Believed|I Know Whom I Have Believed
783|1|512|Just When I Need Him Most|Just When I Need Him Most
784|1|513|In Heavenly Love Abiding|In Heavenly Love Abiding
785|1|514|Lord of Our Life|Lord of Our Life
786|1|515|The Lord Is My Light|The Lord Is My Light
787|1|516|All the Way|All the Way
788|1|517|My Faith Looks Up to Thee|My Faith Looks Up to Thee
789|1|518|Standing on the Promises|Standing on the Promises
790|1|519|Give to the Winds Your Fears|Give to the Winds Your Fears
791|1|520|He Hideth My Soul|He Hideth My Soul
792|1|521|Depth of Mercy|Depth of Mercy
793|1|522|My Hope Is Built on Nothing Less|My Hope Is Built on Nothing Less
794|1|523|My Faith Has Found a Resting Place|My Faith Has Found a Resting Place
795|1|524|'Tis So Sweet to Trust in Jesus|'Tis So Sweet to Trust in Jesus
796|1|525|Hiding in Thee|Hiding in Thee
797|1|526|Because He Lives|Because He Lives
798|1|527|From Every Stormy Wind|From Every Stormy Wind
799|1|528|A Shelter in the Time of Storm|A Shelter in the Time of Storm
800|1|529|Under His Wings|Under His Wings
801|1|530|It Is Well With My Soul|It Is Well With My Soul
802|1|531|We'll Build on the Rock|We'll Build on the Rock
803|1|532|Day by Day|Day by Day
804|1|533|O for a Faith|O for a Faith
805|1|534|Will Your Anchor Hold?|Will Your Anchor Hold?
806|1|535|I Am Trusting Thee, Lord Jesus|I Am Trusting Thee, Lord Jesus
807|1|536|God, Who Stretched the Spangled Heavens|God, Who Stretched the Spangled Heavens
808|1|537|He Leadeth Me|He Leadeth Me
809|1|538|Guide Me, O Thou Great Jehovah|Guide Me, O Thou Great Jehovah
810|1|539|I Will Early Seek the Savior|I Will Early Seek the Savior
811|1|540|Gentle Jesus, Meek and Mild|Gentle Jesus, Meek and Mild
812|1|541|Lord, Speak to Me|Lord, Speak to Me
813|1|542|Jesus, Friend So Kind|Jesus, Friend So Kind
814|1|543|Jesus, Friend of Little Children|Jesus, Friend of Little Children
815|1|544|Jesus, Son of Blessed Mary|Jesus, Son of Blessed Mary
816|1|545|Savior, Like a Shepherd|Savior, Like a Shepherd
817|1|546|The Lord's My Shepherd|The Lord's My Shepherd
818|1|547|Be Thou My Vision|Be Thou My Vision
819|1|548|Now Praise the Hidden God of Love|Now Praise the Hidden God of Love
820|1|549|Loving Shepherd of Thy Sheep|Loving Shepherd of Thy Sheep
821|1|550|Every Flower That Grows|Every Flower That Grows
822|1|551|Jesus, Savior, Pilot Me|Jesus, Savior, Pilot Me
823|1|552|The Lord's My Shepherd|The Lord's My Shepherd
824|1|553|Jesus, Guide Our Way|Jesus, Guide Our Way
825|1|554|O Let Me Walk With Thee|O Let Me Walk With Thee
826|1|555|Shepherd of Tender Youth|Shepherd of Tender Youth
827|1|556|As Saints of Old|As Saints of Old
828|1|557|Come, Ye Thankful People|Come, Ye Thankful People
829|1|558|For the Fruits of His Creation|For the Fruits of His Creation
830|1|559|Now Thank We All Our God|Now Thank We All Our God
831|1|560|Let All Things Now Living|Let All Things Now Living
832|1|561|We Plow the Fields|We Plow the Fields
833|1|562|Come, Sing a Song of Harvest|Come, Sing a Song of Harvest
834|1|563|Praise and Thanksgiving|Praise and Thanksgiving
835|1|564|For Sunrise Hope and Sunset Calm|For Sunrise Hope and Sunset Calm
836|1|565|For the Beauty of the Earth|For the Beauty of the Earth
837|1|566|Father, We Thank You|Father, We Thank You
838|1|567|Have Thine Own Way, Lord|Have Thine Own Way, Lord
839|1|568|Make Me a Captive, Lord|Make Me a Captive, Lord
840|1|569|Pass Me Not, O Gentle Savior|Pass Me Not, O Gentle Savior
841|1|570|Not I, But Christ|Not I, But Christ
842|1|571|What Does the Lord Require?|What Does the Lord Require?
843|1|572|Give of Your Best to the Master|Give of Your Best to the Master
844|1|573|I'll Go Where You Want Me to Go|I'll Go Where You Want Me to Go
845|1|574|O Master, Let Me Walk With Thee|O Master, Let Me Walk With Thee
846|1|575|Let Your Heart Be Broken|Let Your Heart Be Broken
847|1|576|Awake, Awake to Love and Work|Awake, Awake to Love and Work
848|1|577|In the Heart of Jesus|In the Heart of Jesus
849|1|578|So Send I You|So Send I You
850|1|579|'Tis Love That Makes Us Happy|'Tis Love That Makes Us Happy
851|1|580|This Little Light of Mine|This Little Light of Mine
852|1|581|When the Church of Jesus|When the Church of Jesus
853|1|582|Working, O Christ, With Thee|Working, O Christ, With Thee
854|1|583|You That Know the Lord|You That Know the Lord
855|1|584|There's a Spirit in the Air|There's a Spirit in the Air
856|1|585|When Christ Was Lifted From the Earth|When Christ Was Lifted From the Earth
857|1|586|What Joy It Is to Worship Here|What Joy It Is to Worship Here
858|1|587|In Christ There Is No East nor West|In Christ There Is No East nor West
859|1|588|Lord of All Nations|Lord of All Nations
860|1|589|Holy Spirit, Gracious Guest|Holy Spirit, Gracious Guest
861|1|590|Trust and Obey|Trust and Obey
862|1|591|In Our Work and in Our Play|In Our Work and in Our Play
863|1|592|Watchman, Tell Us of the Night|Watchman, Tell Us of the Night
864|1|593|In Times Like These|In Times Like These
865|1|594|Heir of the Kingdom|Heir of the Kingdom
866|1|595|Let Every Lamp Be Burning|Let Every Lamp Be Burning
867|1|596|Look for the Waymarks|Look for the Waymarks
868|1|597|Ye Servants of the Lord|Ye Servants of the Lord
869|1|598|Watch, Ye Saints|Watch, Ye Saints
870|1|599|Rejoice, Rejoice, Believers|Rejoice, Rejoice, Believers
871|1|600|Hold Fast Till I Come|Hold Fast Till I Come
872|1|601|Watchmen, on the Walls of Zion|Watchmen, on the Walls of Zion
873|1|602|O Brother, Be Faithful|O Brother, Be Faithful
874|1|603|Christian, Seek Not Repose|Christian, Seek Not Repose
875|1|604|We Know Not the Hour|We Know Not the Hour
876|1|605|My Soul, Be on Thy Guard|My Soul, Be on Thy Guard
877|1|606|Once to Every Man and Nation|Once to Every Man and Nation
878|1|607|God of Grace and God of Glory|God of Grace and God of Glory
879|1|608|Faith Is the Victory|Faith Is the Victory
880|1|609|Am I a Soldier of the Cross?|Am I a Soldier of the Cross?
881|1|610|Stand Like the Brave|Stand Like the Brave
882|1|611|Awake, My Soul!|Awake, My Soul!
883|1|612|Onward, Christian Soldiers!|Onward, Christian Soldiers!
884|1|613|Fight the Good Fight|Fight the Good Fight
885|1|614|Sound the Battle Cry|Sound the Battle Cry
886|1|615|Rise Up, O Church of God|Rise Up, O Church of God
887|1|616|Soldiers of Christ, Arise|Soldiers of Christ, Arise
888|1|617|We Are Living, We Are Dwelling|We Are Living, We Are Dwelling
889|1|618|Stand Up! Stand Up for Jesus!|Stand Up! Stand Up for Jesus!
890|1|619|Lead On, O King Eternal|Lead On, O King Eternal
891|1|620|On Jordan's Stormy Banks|On Jordan's Stormy Banks
892|1|621|Gracious Father, Guard Thy Children|Gracious Father, Guard Thy Children
893|1|622|Come, Come, Ye Saints|Come, Come, Ye Saints
894|1|623|I Will Follow Thee|I Will Follow Thee
895|1|624|I Want Jesus to Walk With Me|I Want Jesus to Walk With Me
896|1|625|Higher Ground|Higher Ground
897|1|626|In a Little While We're Going Home|In a Little While We're Going Home
898|1|627|Jacob's Ladder|Jacob's Ladder
899|1|628|As Jacob With Travel Was Weary|As Jacob With Travel Was Weary
900|1|629|O Happy Band of Pilgrims|O Happy Band of Pilgrims
901|1|630|Rise, My Soul, and Stretch Thy Wings|Rise, My Soul, and Stretch Thy Wings
902|1|631|When on Life a Darkness Falls|When on Life a Darkness Falls
903|1|632|Until Then|Until Then
904|1|633|When We All Get to Heaven|When We All Get to Heaven
905|1|634|Come, All Christians, Be Committed|Come, All Christians, Be Committed
906|1|635|Lord of All Good|Lord of All Good
907|1|636|God, Whose Giving Knows No Ending|God, Whose Giving Knows No Ending
908|1|637|Son of God, Eternal Savior|Son of God, Eternal Savior
909|1|638|The Wise May Bring Their Learning|The Wise May Bring Their Learning
910|1|639|A Diligent and Grateful Heart|A Diligent and Grateful Heart
911|1|640|For Beauty of Meadows|For Beauty of Meadows
912|1|641|God in His Love for Us|God in His Love for Us
913|1|642|We Praise Thee With Our Minds|We Praise Thee With Our Minds
914|1|643|Father, Who on Us Do Shower|Father, Who on Us Do Shower
915|1|644|O God, Whose Will Is Life and Good|O God, Whose Will Is Life and Good
916|1|645|God of our fathers|God of our fathers
917|1|646|To the Name That Brings Salvation|To the Name That Brings Salvation
918|1|647|Mine Eyes Have Seen the Glory|Mine Eyes Have Seen the Glory
919|1|648|I Vow to Thee, My Country|I Vow to Thee, My Country
920|1|649|Lord, While for All Mankind|Lord, While for All Mankind
921|1|650|Our Father, by Whose Name|Our Father, by Whose Name
922|1|651|Happy the Home That Welcomes You|Happy the Home That Welcomes You
923|1|652|Love at Home|Love at Home
924|1|653|Lead Them, My God, to Thee|Lead Them, My God, to Thee
925|1|654|Lord, Bless Our Homes|Lord, Bless Our Homes
926|1|655|Happy the Home|Happy the Home
927|1|656|O Perfect Love|O Perfect Love
928|1|657|O God, From Whom Mankind|O God, From Whom Mankind
929|1|658|Heavenly Father, Hear Our Prayer|Heavenly Father, Hear Our Prayer
930|1|659|May the Grace of Christ Our Savior|May the Grace of Christ Our Savior
931|1|660|Glory Be to the Father|Glory Be to the Father
932|1|661|Holy, Holy, Holy|Holy, Holy, Holy
933|1|662|Let All Mortal Flesh Keep Silence|Let All Mortal Flesh Keep Silence
934|1|663|Amens|Amens
935|1|664|Sevenfold Amen|Sevenfold Amen
936|1|665|All Things Come of Thee|All Things Come of Thee
937|1|666|Cast Thy Burden Upon the Lord|Cast Thy Burden Upon the Lord
938|1|667|Lord, Bless Thy Word to Every Heart|Lord, Bless Thy Word to Every Heart
939|1|668|O Thou Who Hearest|O Thou Who Hearest
940|1|669|The Lord Bless You and Keep You|The Lord Bless You and Keep You
941|1|670|We Give Thee But Thine Own|We Give Thee But Thine Own
942|1|671|As we Come to You in Prayer|As we Come to You in Prayer
943|1|672|Spirit of the Living God|Spirit of the Living God
944|1|673|May God Be With You|May God Be With You
945|1|674|Shalom|Shalom
946|1|675|May the Lord Bless and Keep You|May the Lord Bless and Keep You
947|1|676|Thy Word Is a Lantern|Thy Word Is a Lantern
948|1|677|Heavenly Father, to Thee We Pray|Heavenly Father, to Thee We Pray
949|1|678|God Be in My Head|God Be in My Head
950|1|679|God Be in My Head|God Be in My Head
951|1|680|Holy Spirit, Hear Us|Holy Spirit, Hear Us
952|1|681|This Is the Day the Lord Hath Made|This Is the Day the Lord Hath Made
953|1|682|As You Have Promised, Lord|As You Have Promised, Lord
954|1|683|Jesus, Stand Among Us|Jesus, Stand Among Us
955|1|684|Hear Our Prayer, O Lord|Hear Our Prayer, O Lord
956|1|685|Cause Me to Hear|Cause Me to Hear
957|1|686|Bless Thou the Gifts|Bless Thou the Gifts
958|1|687|The Lord Is in His Holy Temple|The Lord Is in His Holy Temple
959|1|688|Surely, Surely|Surely, Surely
960|1|689|Day by Day, Dear Lord|Day by Day, Dear Lord
961|1|690|Dismiss Us, Lord, With Blessing|Dismiss Us, Lord, With Blessing
962|1|691|Lead Me, Lord|Lead Me, Lord
963|1|692|The Lord Is in His Holy Temple|The Lord Is in His Holy Temple
964|1|693|Almighty Father|Almighty Father
965|1|694|Praise God, From Whom All Blessings|Praise God, From Whom All Blessings
966|1|695|Praise God, From Whom All Blessings|Praise God, From Whom All Blessings